"Sort Key","Type","Name","Version","Name Space Id","Description","Steward","Value Type","Minimum Cardinality","Maximum Cardinality","Minimum Value","Maximum Value","Minimum Characters","Maximum Characters","Unit of Measure Type","Specified Unit Id","Attribute Concept","Conceptual Domain"
"lro:LROC_Parameters:1               ","Class","LROC_Parameters","1.0.0.0","lro","The LROC_Parameters class is the container for LROC-specific observation parameters.","geo","","","","","","","","","","",""
"lro:LROC_Parameters:2                lro:upload_id:1                     ","Attribute","upload_id","n/a","lro","The upload_id attribute describes a spacecraft command set that is associated with the given data product.","geo","ASCII_Short_String_Collapsed","0","1","Unbounded","Unbounded","1","255","Units_of_None","none","TBD_classConcept","SHORT_STRING"
"lro:LROC_Parameters:2                lro:rationale_desc:1                ","Attribute","rationale_desc","n/a","lro","The rationale_desc attribute describes the rationale for performing a particular observation.","geo","ASCII_Short_String_Collapsed","0","1","Unbounded","Unbounded","1","255","Units_of_None","none","TBD_classConcept","SHORT_STRING"
"lro:LROC_Parameters:2                lro:data_quality_id:1               ","Attribute","data_quality_id","n/a","lro","The data_quality_id attribute provides a numeric key which identifies the quality of data available for a particular time period. The data_quality_id scheme is unique to a given instrument and is described by the associated data_quality_desc attribute. ","geo","ASCII_Short_String_Collapsed","0","1","Unbounded","Unbounded","1","255","Units_of_None","none","TBD_classConcept","SHORT_STRING"
"lro:LROC_Parameters:2                lro:data_quality_desc:1             ","Attribute","data_quality_desc","n/a","lro","The data_quality_desc attribute describes the data qualities associated with a data_quality_id attribute. ","geo","ASCII_Text_Collapsed","0","1","Unbounded","Unbounded","1","Unbounded","Units_of_None","none","TBD_classConcept","TEXT"
"lro:LROC_Parameters:2                lro:begin_temperature_scs:1         ","Attribute","begin_temperature_scs","n/a","lro","Set to the temperature of the LROC SCS in degrees Celsius, as converted from the raw engineering counts, at the beginning of a series of WAC frames.","geo","ASCII_Real","0","1","-1.7976931348623157e308","1.7976931348623157e308","Unbounded","Unbounded","Units_of_Temperature","none","TBD_classConcept","REAL"
"lro:LROC_Parameters:2                lro:middle_temperature_scs:1        ","Attribute","middle_temperature_scs","n/a","lro","Set to the temperature of the LROC SCS in degrees Celsius, as converted from the raw engineering counts, at the middle of a series of WAC frames.","geo","ASCII_Real","0","1","-1.7976931348623157e308","1.7976931348623157e308","Unbounded","Unbounded","Units_of_Temperature","none","TBD_classConcept","REAL"
"lro:LROC_Parameters:2                lro:end_temperature_scs:1           ","Attribute","end_temperature_scs","n/a","lro","Set to the temperature of the LROC SCS in degrees Celsius, as converted from the raw engineering counts, at the end of a series of WAC frames.","geo","ASCII_Real","0","1","-1.7976931348623157e308","1.7976931348623157e308","Unbounded","Unbounded","Units_of_Temperature","none","TBD_classConcept","REAL"
"lro:LROC_Parameters:2                lro:begin_temperature_fpa:1         ","Attribute","begin_temperature_fpa","n/a","lro","Set to the temperature of the LROC FPA in degrees Celsius, as converted from the raw engineering counts, at the beginning of a series of WAC frames.","geo","ASCII_Real","0","1","-1.7976931348623157e308","1.7976931348623157e308","Unbounded","Unbounded","Units_of_Temperature","none","TBD_classConcept","REAL"
"lro:LROC_Parameters:2                lro:middle_temperature_fpa:1        ","Attribute","middle_temperature_fpa","n/a","lro","Set to the temperature of the LROC FPA in degrees Celsius, as converted from the raw engineering counts, at the middle of a series of WAC frames.","geo","ASCII_Real","0","1","-1.7976931348623157e308","1.7976931348623157e308","Unbounded","Unbounded","Units_of_Temperature","none","TBD_classConcept","REAL"
"lro:LROC_Parameters:2                lro:end_temperature_fpa:1           ","Attribute","end_temperature_fpa","n/a","lro","Set to the temperature of the LROC FPA in degrees Celsius, as converted from the raw engineering counts, at the end of a series of WAC frames.","geo","ASCII_Real","0","1","-1.7976931348623157e308","1.7976931348623157e308","Unbounded","Unbounded","Units_of_Temperature","none","TBD_classConcept","REAL"
"lro:LROC_Parameters:2                lro:begin_temperature_scs_raw:1     ","Attribute","begin_temperature_scs_raw","n/a","lro","Set to the raw engineering counts for the LROC SCS at the beginning of a series of WAC frames.","geo","ASCII_Integer","0","1","-9223372036854775808","9223372036854775807","Unbounded","Unbounded","Units_of_None","none","TBD_classConcept","INTEGER"
"lro:LROC_Parameters:2                lro:middle_temperature_scs_raw:1    ","Attribute","middle_temperature_scs_raw","n/a","lro","Set to the raw engineering counts for the LROC SCS at the middle of a series of WAC frames.","geo","ASCII_Integer","0","1","-9223372036854775808","9223372036854775807","Unbounded","Unbounded","Units_of_None","none","TBD_classConcept","INTEGER"
"lro:LROC_Parameters:2                lro:end_temperature_scs_raw:1       ","Attribute","end_temperature_scs_raw","n/a","lro","Set to the raw engineering counts for the LROC SCS at the end of a series of WAC frames.","geo","ASCII_Integer","0","1","-9223372036854775808","9223372036854775807","Unbounded","Unbounded","Units_of_None","none","TBD_classConcept","INTEGER"
"lro:LROC_Parameters:2                lro:begin_temperature_fpa_raw:1     ","Attribute","begin_temperature_fpa_raw","n/a","lro","Set to the raw engineering counts for the LROC (F)ocal (P)lane (A)rray at the beginning of a series of WAC frames.","geo","ASCII_Integer","0","1","-9223372036854775808","9223372036854775807","Unbounded","Unbounded","Units_of_None","none","TBD_classConcept","INTEGER"
"lro:LROC_Parameters:2                lro:middle_temperature_fpa_raw:1    ","Attribute","middle_temperature_fpa_raw","n/a","lro","Set to the raw engineering counts for the LROC (F)ocal (P)lane (A)rray at the middle of a series of WAC frames.","geo","ASCII_Integer","0","1","-9223372036854775808","9223372036854775807","Unbounded","Unbounded","Units_of_None","none","TBD_classConcept","INTEGER"
"lro:LROC_Parameters:2                lro:end_temperature_fpa_raw:1       ","Attribute","end_temperature_fpa_raw","n/a","lro","Set to the raw engineering counts for the LROC (F)ocal (P)lane (A)rray at the end of a series of WAC frames.","geo","ASCII_Integer","0","1","-9223372036854775808","9223372036854775807","Unbounded","Unbounded","Units_of_None","none","TBD_classConcept","INTEGER"
"lro:LROC_Parameters:2                lro:preroll_time:1                  ","Attribute","preroll_time","n/a","lro","The UTC time and date at the start of the image acquisition command, corresponding to the acquisition of 1024 lines at the given exposure prior to the actual image acquisition. ","geo","ASCII_Date_Time_YMD","0","1","Unbounded","Unbounded","Unbounded","Unbounded","Units_of_None","none","TBD_classConcept","TIME"
"lro:LROC_Parameters:2                lro:spacecraft_clock_preroll_count:1","Attribute","spacecraft_clock_preroll_count","n/a","lro","Set to the sclk string for the start of an observation preroll acquisition.","geo","ASCII_Short_String_Collapsed","0","1","Unbounded","Unbounded","1","255","Units_of_None","none","TBD_classConcept","SHORT_STRING"
"lro:LROC_Parameters:2                lro:frame_id:1                      ","Attribute","frame_id","n/a","lro","For NAC, records if the image was acquired from the ""LEFT"" or ""RIGHT"" NAC.","geo","ASCII_Short_String_Collapsed","0","1","Unbounded","Unbounded","1","255","Units_of_None","none","TBD_classConcept","SHORT_STRING"
"lro:LROC_Parameters:2                lro:frame_id:2                       Value:LEFT","Value","LEFT","","","The image was acquired from the LEFT NAC."
"lro:LROC_Parameters:2                lro:frame_id:2                       Value:RIGHT","Value","RIGHT","","","The image was acquired from the RIGHT NAC."
"lro:LROC_Parameters:2                lro:temperature_scs:1               ","Attribute","temperature_scs","n/a","lro","Set to the temperature of the LROC SCS in degrees Celsius, as converted from the raw engineering counts.","geo","ASCII_Real","0","1","-1.7976931348623157e308","1.7976931348623157e308","Unbounded","Unbounded","Units_of_Temperature","none","TBD_classConcept","REAL"
"lro:LROC_Parameters:2                lro:temperature_fpa:1               ","Attribute","temperature_fpa","n/a","lro","Set to the temperature of the LROC FPA in degrees Celsius, as converted from the raw engineering counts.","geo","ASCII_Real","0","1","-1.7976931348623157e308","1.7976931348623157e308","Unbounded","Unbounded","Units_of_Temperature","none","TBD_classConcept","REAL"
"lro:LROC_Parameters:2                lro:temperature_fpga:1              ","Attribute","temperature_fpga","n/a","lro","Set to the temperature of the LROC FPGA in degrees Celsius, as converted from the raw engineering counts.","geo","ASCII_Real","0","1","-1.7976931348623157e308","1.7976931348623157e308","Unbounded","Unbounded","Units_of_Temperature","none","TBD_classConcept","REAL"
"lro:LROC_Parameters:2                lro:temperature_telescope:1         ","Attribute","temperature_telescope","n/a","lro","Set to the temperature of the LROC telescope corresponding to NAC-L or NAC-R, as converted from the raw engineering counts.","geo","ASCII_Real","0","1","-1.7976931348623157e308","1.7976931348623157e308","Unbounded","Unbounded","Units_of_Temperature","none","TBD_classConcept","REAL"
"lro:LROC_Parameters:2                lro:temperature_scs_raw:1           ","Attribute","temperature_scs_raw","n/a","lro","Set to the raw engineering counts for the LROC SCS.","geo","ASCII_Integer","0","1","-9223372036854775808","9223372036854775807","Unbounded","Unbounded","Units_of_None","none","TBD_classConcept","INTEGER"
"lro:LROC_Parameters:2                lro:temperature_fpa_raw:1           ","Attribute","temperature_fpa_raw","n/a","lro","Set to the raw engineering counts for the LROC (F)ocal (P)lane (A)rray.","geo","ASCII_Integer","0","1","-9223372036854775808","9223372036854775807","Unbounded","Unbounded","Units_of_None","none","TBD_classConcept","INTEGER"
"lro:LROC_Parameters:2                lro:temperature_fpga_raw:1          ","Attribute","temperature_fpga_raw","n/a","lro","Set to the raw engineering counts for the LROC (F)ield (P)rogrammable (G)ate (A)rray.","geo","ASCII_Integer","0","1","-9223372036854775808","9223372036854775807","Unbounded","Unbounded","Units_of_None","none","TBD_classConcept","INTEGER"
"lro:LROC_Parameters:2                lro:temperature_telescope_raw:1     ","Attribute","temperature_telescope_raw","n/a","lro","Set to the raw engineering counts for the LROC Telescope corresponding to NAC-L or NAC-R.","geo","ASCII_Integer","0","1","-9223372036854775808","9223372036854775807","Unbounded","Unbounded","Units_of_None","none","TBD_classConcept","INTEGER"
"lro:LROC_Parameters:2                lro:exposure_code:1                 ","Attribute","exposure_code","n/a","lro","Records the commanded exposure code for a WAC observation.","geo","ASCII_Integer","0","1","-9223372036854775808","9223372036854775807","Unbounded","Unbounded","Units_of_None","none","TBD_classConcept","INTEGER"
"lro:LROC_Parameters:2                lro:interframe_delay:1              ","Attribute","interframe_delay","n/a","lro","Set to the value of the interframe delay between WAC framelets. Keyword can have values between 25/64 and 280/64 seconds, in 1/64 seconds increments.","geo","ASCII_Real","0","1","-1.7976931348623157e308","1.7976931348623157e308","Unbounded","Unbounded","Units_of_Time","none","TBD_classConcept","REAL"
"lro:LROC_Parameters:2                lro:instrument_mode_id:1            ","Attribute","instrument_mode_id","n/a","lro","Records the commanded WAC mode: BW, COLOR, VIS or UV.","geo","ASCII_Short_String_Collapsed","0","1","Unbounded","Unbounded","1","255","Units_of_None","none","TBD_classConcept","SHORT_STRING"
"lro:LROC_Parameters:2                lro:instrument_mode_id:2             Value:BW","Value","BW","","","The commanded WAC instrument mode was BW."
"lro:LROC_Parameters:2                lro:instrument_mode_id:2             Value:COLOR","Value","COLOR","","","The commanded WAC instrument mode was COLOR."
"lro:LROC_Parameters:2                lro:instrument_mode_id:2             Value:UV","Value","UV","","","The commanded WAC instrument mode was UV."
"lro:LROC_Parameters:2                lro:instrument_mode_id:2             Value:VIS","Value","VIS","","","The commanded WAC instrument mode was VIS."
"lro:LROC_Parameters:2                lro:lookup_table_type:1             ","Attribute","lookup_table_type","n/a","lro","Always set to STORED.","geo","ASCII_Short_String_Collapsed","0","1","Unbounded","Unbounded","1","255","Units_of_None","none","TBD_classConcept","SHORT_STRING"
"lro:LROC_Parameters:2                lro:lookup_table_type:2              Value:STORED","Value","STORED","","","Lookup table type = STORED."
"lro:LROC_Parameters:2                lro:line_exposure_duration:1        ","Attribute","line_exposure_duration","n/a","lro"," For NAC products, LINE_EXPOSURE_DURATION can have values between 337.6 and 35,281.6 microseconds, in 128/15 microsecond increments (LINE_EXPOSURE_DURATION = [LINE_EXPOSURE_CODE * 128/15] + 337.6) ","geo","ASCII_Real","0","1","-1.7976931348623157e308","1.7976931348623157e308","Unbounded","Unbounded","Units_of_Time","none","TBD_classConcept","REAL"
"lro:LROC_Parameters:2                lro:line_exposure_code:1            ","Attribute","line_exposure_code","n/a","lro","Index range from 0 to 4095 each corresponding to one LINE_EXPOSURE_DURATION increment.","geo","ASCII_Integer","0","1","0","4095","Unbounded","Unbounded","Units_of_None","none","TBD_classConcept","INTEGER"
"lro:LROC_Parameters:2                lro:dac_reset_level:1               ","Attribute","dac_reset_level","n/a","lro","Records the commanded DAC reset level for either the NAC LEFT or NAC RIGHT.","geo","ASCII_Integer","0","1","-9223372036854775808","9223372036854775807","Unbounded","Unbounded","Units_of_None","none","TBD_classConcept","INTEGER"
"lro:LROC_Parameters:2                lro:channel_a_offset:1              ","Attribute","channel_a_offset","n/a","lro","Records the commanded NAC channel A offset for either the NAC LEFT or NAC RIGHT.","geo","ASCII_Integer","0","1","-9223372036854775808","9223372036854775807","Unbounded","Unbounded","Units_of_None","none","TBD_classConcept","INTEGER"
"lro:LROC_Parameters:2                lro:channel_b_offset:1              ","Attribute","channel_b_offset","n/a","lro","Records the commanded NAC channel B offset for either the NAC LEFT or NAC RIGHT.","geo","ASCII_Integer","0","1","-9223372036854775808","9223372036854775807","Unbounded","Unbounded","Units_of_None","none","TBD_classConcept","INTEGER"
"lro:LROC_Parameters:2                lro:compand_code:1                  ","Attribute","compand_code","n/a","lro","Indicates which stored companding table was used (0-7)","geo","ASCII_Integer","0","1","0","7","Unbounded","Unbounded","Units_of_None","none","TBD_classConcept","INTEGER"
"lro:LROC_Parameters:2                lro:line_code:1                     ","Attribute","line_code","n/a","lro","Records the commanded value for the number of NAC lines to acquire, in 1024 increments. (LINES = LINES_CODE * 1024)","geo","ASCII_Integer","0","1","-9223372036854775808","9223372036854775807","Unbounded","Unbounded","Units_of_None","none","TBD_classConcept","INTEGER"
"lro:LROC_Parameters:2                lro:bterm1:1                        ","Attribute","bterm1","n/a","lro","NAC companding bterm 1","geo","ASCII_Integer","0","1","-9223372036854775808","9223372036854775807","Unbounded","Unbounded","Units_of_None","none","TBD_classConcept","INTEGER"
"lro:LROC_Parameters:2                lro:bterm2:1                        ","Attribute","bterm2","n/a","lro","NAC companding bterm 2","geo","ASCII_Integer","0","1","-9223372036854775808","9223372036854775807","Unbounded","Unbounded","Units_of_None","none","TBD_classConcept","INTEGER"
"lro:LROC_Parameters:2                lro:bterm3:1                        ","Attribute","bterm3","n/a","lro","NAC companding bterm 3","geo","ASCII_Integer","0","1","-9223372036854775808","9223372036854775807","Unbounded","Unbounded","Units_of_None","none","TBD_classConcept","INTEGER"
"lro:LROC_Parameters:2                lro:bterm4:1                        ","Attribute","bterm4","n/a","lro","NAC companding bterm 4","geo","ASCII_Integer","0","1","-9223372036854775808","9223372036854775807","Unbounded","Unbounded","Units_of_None","none","TBD_classConcept","INTEGER"
"lro:LROC_Parameters:2                lro:bterm5:1                        ","Attribute","bterm5","n/a","lro","NAC companding bterm 5","geo","ASCII_Integer","0","1","-9223372036854775808","9223372036854775807","Unbounded","Unbounded","Units_of_None","none","TBD_classConcept","INTEGER"
"lro:LROC_Parameters:2                lro:mterm1:1                        ","Attribute","mterm1","n/a","lro","NAC companding mterm 1","geo","ASCII_Real","0","1","-1.7976931348623157e308","1.7976931348623157e308","Unbounded","Unbounded","Units_of_None","none","TBD_classConcept","REAL"
"lro:LROC_Parameters:2                lro:mterm2:1                        ","Attribute","mterm2","n/a","lro","NAC companding mterm 2","geo","ASCII_Real","0","1","-1.7976931348623157e308","1.7976931348623157e308","Unbounded","Unbounded","Units_of_None","none","TBD_classConcept","REAL"
"lro:LROC_Parameters:2                lro:mterm3:1                        ","Attribute","mterm3","n/a","lro","NAC companding mterm 3","geo","ASCII_Real","0","1","-1.7976931348623157e308","1.7976931348623157e308","Unbounded","Unbounded","Units_of_None","none","TBD_classConcept","REAL"
"lro:LROC_Parameters:2                lro:mterm4:1                        ","Attribute","mterm4","n/a","lro","NAC companding mterm 4","geo","ASCII_Real","0","1","-1.7976931348623157e308","1.7976931348623157e308","Unbounded","Unbounded","Units_of_None","none","TBD_classConcept","REAL"
"lro:LROC_Parameters:2                lro:mterm5:1                        ","Attribute","mterm5","n/a","lro","NAC companding mterm 5","geo","ASCII_Real","0","1","-1.7976931348623157e308","1.7976931348623157e308","Unbounded","Unbounded","Units_of_None","none","TBD_classConcept","REAL"
"lro:LROC_Parameters:2                lro:xterm1:1                        ","Attribute","xterm1","n/a","lro","NAC companding xterm 1","geo","ASCII_Integer","0","1","-9223372036854775808","9223372036854775807","Unbounded","Unbounded","Units_of_None","none","TBD_classConcept","INTEGER"
"lro:LROC_Parameters:2                lro:xterm2:1                        ","Attribute","xterm2","n/a","lro","NAC companding xterm 2","geo","ASCII_Integer","0","1","-9223372036854775808","9223372036854775807","Unbounded","Unbounded","Units_of_None","none","TBD_classConcept","INTEGER"
"lro:LROC_Parameters:2                lro:xterm3:1                        ","Attribute","xterm3","n/a","lro","NAC companding xterm 3","geo","ASCII_Integer","0","1","-9223372036854775808","9223372036854775807","Unbounded","Unbounded","Units_of_None","none","TBD_classConcept","INTEGER"
"lro:LROC_Parameters:2                lro:xterm4:1                        ","Attribute","xterm4","n/a","lro","NAC companding xterm 4","geo","ASCII_Integer","0","1","-9223372036854775808","9223372036854775807","Unbounded","Unbounded","Units_of_None","none","TBD_classConcept","INTEGER"
"lro:LROC_Parameters:2                lro:xterm5:1                        ","Attribute","xterm5","n/a","lro","NAC companding xterm 5","geo","ASCII_Integer","0","1","-9223372036854775808","9223372036854775807","Unbounded","Unbounded","Units_of_None","none","TBD_classConcept","INTEGER"
"lro:LROC_Parameters:2                lro:compression_flag:1              ","Attribute","compression_flag","n/a","lro","Indicates if lossless compression was commanded (0=no, 1=yes)","geo","ASCII_Integer","0","1","0","1","Unbounded","Unbounded","Units_of_None","none","TBD_classConcept","INTEGER"
"lro:LROC_Parameters:2                lro:mode:1                          ","Attribute","mode","n/a","lro","Set to the mode value as commanded for both NAC and WAC observations.","geo","ASCII_Integer","0","1","-9223372036854775808","9223372036854775807","Unbounded","Unbounded","Units_of_None","none","TBD_classConcept","INTEGER"
"lro:LROC_Parameters:2                lro:nframes:1                       ","Attribute","nframes","n/a","lro","Records the commanded number of frames for a WAC observation.","geo","ASCII_Integer","0","1","-9223372036854775808","9223372036854775807","Unbounded","Unbounded","Units_of_None","none","TBD_classConcept","INTEGER"
"lro:LROC_Parameters:2                lro:band_code:1                     ","Attribute","band_code","n/a","lro","The band_code records the commanded band code for a WAC observation.","geo","ASCII_Integer","0","1","-9223372036854775808","9223372036854775807","Unbounded","Unbounded","Units_of_None","none","TBD_classConcept","INTEGER"
"lro:LROC_Parameters:2                lro:interframe_gap_code:1           ","Attribute","interframe_gap_code","n/a","lro","Records the commanded interframe gap code for a WAC observation.","geo","ASCII_Integer","0","1","-9223372036854775808","9223372036854775807","Unbounded","Unbounded","Units_of_None","none","TBD_classConcept","INTEGER"
"lro:LROC_Parameters:2                lro:background_offset:1             ","Attribute","background_offset","n/a","lro","_TBD","geo","ASCII_Integer","0","1","-9223372036854775808","9223372036854775807","Unbounded","Unbounded","Units_of_None","none","TBD_classConcept","INTEGER"
"lro:Parameter_Range:1               ","Class","Parameter_Range","1.0.0.0","lro","The Parameter_Range class contains the minimum and maximum values of Diviner parameters.","geo","","","","","","","","","","",""
"lro:Parameter_Range:2                lro:parameter_name:1                ","Attribute","parameter_name","n/a","lro","Diviner parameter name.","geo","ASCII_Short_String_Collapsed","0","1","Unbounded","Unbounded","1","255","Units_of_None","none","TBD_classConcept","SHORT_STRING"
"lro:Parameter_Range:2                lro:parameter_name:2                 Value:A1_CHANNEL","Value","A1_CHANNEL","","","The value of the Diviner instrument A1 detector channel in the set of observations that make up a Diviner data product. "
"lro:Parameter_Range:2                lro:parameter_name:2                 Value:A2_CHANNEL","Value","A2_CHANNEL","","","The value of the Diviner instrument A2 detector channel in the set of observations that make up a Diviner data product. "
"lro:Parameter_Range:2                lro:parameter_name:2                 Value:A3_CHANNEL","Value","A3_CHANNEL","","","The value of the Diviner instrument A3 detector channel in the set of observations that make up a Diviner data product. "
"lro:Parameter_Range:2                lro:parameter_name:2                 Value:A4_CHANNEL","Value","A4_CHANNEL","","","The value of the Diviner instrument A4 detector channel in the set of observations that make up a Diviner data product. "
"lro:Parameter_Range:2                lro:parameter_name:2                 Value:A5_CHANNEL","Value","A5_CHANNEL","","","The value of the Diviner instrument A5 detector channel in the set of observations that make up a Diviner data product. "
"lro:Parameter_Range:2                lro:parameter_name:2                 Value:A6_CHANNEL","Value","A6_CHANNEL","","","The value of the Diviner instrument A6 detector channel in the set of observations that make up a Diviner data product. "
"lro:Parameter_Range:2                lro:parameter_name:2                 Value:B1_CHANNEL","Value","B1_CHANNEL","","","The value of the Diviner instrument B1 detector channel in the set of observations that make up a Diviner data product. "
"lro:Parameter_Range:2                lro:parameter_name:2                 Value:B2_CHANNEL","Value","B2_CHANNEL","","","The value of the Diviner instrument B2 detector channel in the set of observations that make up a Diviner data product. "
"lro:Parameter_Range:2                lro:parameter_name:2                 Value:B3_CHANNEL","Value","B3_CHANNEL","","","The value of the Diviner instrument B3 detector channel in the set of observations that make up a Diviner data product. "
"lro:Parameter_Range:2                lro:parameter_name:2                 Value:DLRE_AZ_CMD","Value","DLRE_AZ_CMD","","","The recorded last azimuth command value in a DLRE RDR data product. "
"lro:Parameter_Range:2                lro:parameter_name:2                 Value:DLRE_CEMIS","Value","DLRE_CEMIS","","","The recorded FOV center emission angle value in a DLRE RDR data product. "
"lro:Parameter_Range:2                lro:parameter_name:2                 Value:DLRE_CLAT","Value","DLRE_CLAT","","","The recorded FOV center latitude value in a DLRE RDR data product."
"lro:Parameter_Range:2                lro:parameter_name:2                 Value:DLRE_CLOCTIME","Value","DLRE_CLOCTIME","","","The recorded local time at FOV center in a DLRE RDR data product. "
"lro:Parameter_Range:2                lro:parameter_name:2                 Value:DLRE_CLON","Value","DLRE_CLON","","","The recorded FOV center longitude value in a DLRE RDR data product. "
"lro:Parameter_Range:2                lro:parameter_name:2                 Value:DLRE_CSUNAZI","Value","DLRE_CSUNAZI","","","The recorded FOV center solar azimuth angle value in a DLRE RDR data product. "
"lro:Parameter_Range:2                lro:parameter_name:2                 Value:DLRE_CSUNZEN","Value","DLRE_CSUNZEN","","","The recorded FOV center solar zenith angle value in a DLRE RDR data product. "
"lro:Parameter_Range:2                lro:parameter_name:2                 Value:DLRE_EL_CMD","Value","DLRE_EL_CMD","","","The recorded last elevation command value in a DLRE RDR data product."
"lro:Parameter_Range:2                lro:parameter_name:2                 Value:DLRE_JDATE","Value","DLRE_JDATE","","","The recorded Julian date value in a DLRE RDR data product. "
"lro:Parameter_Range:2                lro:parameter_name:2                 Value:DLRE_ORBIT","Value","DLRE_ORBIT","","","The recorded orbit number value in a DLRE RDR data product. "
"lro:Parameter_Range:2                lro:parameter_name:2                 Value:DLRE_ORIENTLAT","Value","DLRE_ORIENTLAT","","","The recorded orientation latitude value in a DLRE RDR data product. "
"lro:Parameter_Range:2                lro:parameter_name:2                 Value:DLRE_ORIENTLON","Value","DLRE_ORIENTLON","","","The recorded orientation longitude value in a DLRE RDR data product. "
"lro:Parameter_Range:2                lro:parameter_name:2                 Value:DLRE_QCA_SOLAR","Value","DLRE_QCA_SOLAR","","","The recorded solar calibration quality flag value in a DLRE RDR data product. "
"lro:Parameter_Range:2                lro:parameter_name:2                 Value:DLRE_QCA_THERMAL","Value","DLRE_QCA_THERMAL","","","The recorded thermal calibration quality flag value in a DLRE RDR data product. "
"lro:Parameter_Range:2                lro:parameter_name:2                 Value:DLRE_QGE","Value","DLRE_QGE","","","The recorded geometry quality flag value in a DLRE RDR data product. "
"lro:Parameter_Range:2                lro:parameter_name:2                 Value:DLRE_QMI","Value","DLRE_QMI","","","The recorded miscellaneous quality flag value in a DLRE RDR data product. "
"lro:Parameter_Range:2                lro:parameter_name:2                 Value:DLRE_SCALT","Value","DLRE_SCALT","","","The recorded spacecraft altitude value (distance from surface of moon to spacecraft) in a DLRE RDR data product. "
"lro:Parameter_Range:2                lro:parameter_name:2                 Value:DLRE_SCLAT","Value","DLRE_SCLAT","","","The recorded spacecraft latitude value in a DLRE RDR data product. "
"lro:Parameter_Range:2                lro:parameter_name:2                 Value:DLRE_SCLK","Value","DLRE_SCLK","","","The recorded spacecraft clock value in a DLRE RDR data product. "
"lro:Parameter_Range:2                lro:parameter_name:2                 Value:DLRE_SCLON","Value","DLRE_SCLON","","","The recorded spacecraft longitude value in a DLRE RDR data product. "
"lro:Parameter_Range:2                lro:parameter_name:2                 Value:DLRE_SCRAD","Value","DLRE_SCRAD","","","The recorded spacecraft radius value (distance from center of moon to spacecraft) in a DLRE RDR data product. "
"lro:Parameter_Range:2                lro:parameter_name:2                 Value:DLRE_SUNDIST","Value","DLRE_SUNDIST","","","The recorded sun distance value in a DLRE RDR data product. "
"lro:Parameter_Range:2                lro:parameter_name:2                 Value:DLRE_SUNLAT","Value","DLRE_SUNLAT","","","The recorded sun latitude value in a DLRE RDR data product. "
"lro:Parameter_Range:2                lro:parameter_name:2                 Value:DLRE_SUNLON","Value","DLRE_SUNLON","","","The recorded sun longitude value in a DLRE RDR data product. "
"lro:Parameter_Range:2                lro:parameter_name:2                 Value:DLRE_VLOOKX","Value","DLRE_VLOOKX","","","The recorded value of the X component of the Diviner Look Unit Vector in a DLRE RDR data product. "
"lro:Parameter_Range:2                lro:parameter_name:2                 Value:DLRE_VLOOKY","Value","DLRE_VLOOKY","","","The recorded value of the Y component of the Diviner Look Unit Vector in a DLRE RDR data product. "
"lro:Parameter_Range:2                lro:parameter_name:2                 Value:DLRE_VLOOKZ","Value","DLRE_VLOOKZ","","","The recorded value of the Z component of the Diviner Look Unit Vector in a DLRE RDR data product. "
"lro:Parameter_Range:2                lro:parameter_name:2                 Value:LAST_AZIMUTH_COMMAND","Value","LAST_AZIMUTH_COMMAND","","","The value of the last azimuth command in the set of observations that make up a Diviner data product. "
"lro:Parameter_Range:2                lro:parameter_name:2                 Value:LAST_ELEVATION_COMMA","Value","LAST_ELEVATION_COMMAND","","","The value of the last elevation command in the set of observations that make up a Diviner data product."
"lro:Parameter_Range:2                lro:parameter_min:1                 ","Attribute","parameter_min","n/a","lro","The minimum value for the Diviner parameter specified by lro.parameter_name.","geo","ASCII_Real","0","1","-1.7976931348623157e308","1.7976931348623157e308","Unbounded","Unbounded","Units_of_None","none","TBD_classConcept","REAL"
"lro:Parameter_Range:2                lro:parameter_max:1                 ","Attribute","parameter_max","n/a","lro","The maximum value for the Diviner parameter specified by lro.parameter_name.","geo","ASCII_Real","0","1","-1.7976931348623157e308","1.7976931348623157e308","Unbounded","Unbounded","Units_of_None","none","TBD_classConcept","REAL"
"lro:Channel_Range:1                 ","Class","Channel_Range","1.0.0.0","lro","The Channel_Range class contains spectral parameters for specific Diviner channels.","geo","","","","","","","","","","",""
"lro:Channel_Range:2                  lro:channel:1                       ","Attribute","channel","n/a","lro"," One of nine Diviner channels. ","geo","ASCII_Short_String_Collapsed","0","1","Unbounded","Unbounded","1","255","Units_of_None","none","TBD_classConcept","SHORT_STRING"
"lro:Channel_Range:2                  lro:channel:2                        Value:CH1","Value","CH1","","","Diviner Channel 1 (A1)."
"lro:Channel_Range:2                  lro:channel:2                        Value:CH2","Value","CH2","","","Diviner Channel 2 (A2)."
"lro:Channel_Range:2                  lro:channel:2                        Value:CH3","Value","CH3","","","Diviner Channel 3 (A3)."
"lro:Channel_Range:2                  lro:channel:2                        Value:CH4","Value","CH4","","","Diviner Channel 4 (A4)."
"lro:Channel_Range:2                  lro:channel:2                        Value:CH5","Value","CH5","","","Diviner Channel 5 (A5)."
"lro:Channel_Range:2                  lro:channel:2                        Value:CH6","Value","CH6","","","Diviner Channel 6 (A6)."
"lro:Channel_Range:2                  lro:channel:2                        Value:CH7","Value","CH7","","","Diviner Channel 7 (B1)."
"lro:Channel_Range:2                  lro:channel:2                        Value:CH8","Value","CH8","","","Diviner Channel 8 (B2)."
"lro:Channel_Range:2                  lro:channel:2                        Value:CH9","Value","CH9","","","Diviner Channel 9 (B3)."
"lro:Channel_Range:2                  lro:radiance_min:1                  ","Attribute","radiance_min","n/a","lro","The minimum recorded value of radiance for the channel given by lro:channel in a DLRE RDR data product. ","geo","ASCII_Real","0","1","-1000.0","100000.0 ","Unbounded","Unbounded","Units_of_Radiance","none","TBD_classConcept","REAL"
"lro:Channel_Range:2                  lro:radiance_max:1                  ","Attribute","radiance_max","n/a","lro","The maximum recorded value of radiance for the channel given by lro:channel in a DLRE RDR data product.","geo","ASCII_Real","0","1","-1000.0","100000.0 ","Unbounded","Unbounded","Units_of_Radiance","none","TBD_classConcept","REAL"
"lro:Channel_Range:2                  lro:tb_min:1                        ","Attribute","tb_min","n/a","lro","The minimum recorded value of brightness temperature for the channel given by lro:channel in a DLRE RDR data product. ","geo","ASCII_Real","0","1","-450.0","10000.0","Unbounded","Unbounded","Units_of_Temperature","none","TBD_classConcept","REAL"
"lro:Channel_Range:2                  lro:tb_max:1                        ","Attribute","tb_max","n/a","lro","The maximum recorded value of brightness temperature for the channel given by lro:channel in a DLRE RDR data product. ","geo","ASCII_Real","0","1","-450.0","10000.0","Unbounded","Unbounded","Units_of_Temperature","none","TBD_classConcept","REAL"
"lro:Diviner_Parameters:1            ","Class","Diviner_Parameters","1.0.0.0","lro","The Diviner_Parameters class is the container for Diviner-specific observation parameters.","geo","","","","","","","","","","",""
"lro:Diviner_Parameters:2             lro:missing_lines:1                 ","Attribute","missing_lines","n/a","lro","The total number of lines of data missing from an image or observation when it was received on Earth.","geo","ASCII_Integer","0","1","0","9223372036854775807","Unbounded","Unbounded","Units_of_None","none","TBD_classConcept","INTEGER"
"lro:Diviner_Parameters:2             lro:partial_lines:1                 ","Attribute","partial_lines","n/a","lro","The number of lines of data in a data product that contain partial but incomplete data. ","geo","ASCII_Integer","0","1","-9223372036854775808","9223372036854775807","Unbounded","Unbounded","Units_of_None","none","TBD_classConcept","INTEGER"
"lro:Diviner_Parameters:2             lro:complete_lines:1                ","Attribute","complete_lines","n/a","lro","The number of lines of data in a data product that are complete; that is, with no missing data.","geo","ASCII_Integer","0","1","0","9223372036854775807","Unbounded","Unbounded","Units_of_None","none","TBD_classConcept","INTEGER"
"lro:Diviner_Parameters:2             lro:total_lines:1                   ","Attribute","total_lines","n/a","lro","The total number of lines of data in a data product, including both complete lines and partial lines.","geo","ASCII_Integer","0","1","-9223372036854775808","9223372036854775807","Unbounded","Unbounded","Units_of_None","none","TBD_classConcept","INTEGER"
"lro:Diviner_Parameters:2             lro:file_state:1                    ","Attribute","file_state","n/a","lro","Indicates whether a file possibly contains potentially corrupted data.","geo","ASCII_Short_String_Collapsed","0","1","Unbounded","Unbounded","5","5","Units_of_None","none","TBD_classConcept","SHORT_STRING"
"lro:Diviner_Parameters:2             lro:file_state:2                     Value:CLEAN","Value","CLEAN","","","A CLEAN file may still contain missing or partial records, as long as all available records are written successfully."
"lro:Diviner_Parameters:2             lro:file_state:2                     Value:DIRTY","Value","DIRTY","","","DIRTY means only that the file was prematurely closed during output, e.g. during a program crash."
"lro:Diviner_Parameters:2             lro:flight_software_version_id:1    ","Attribute","flight_software_version_id","n/a","lro","Identifies the version of the instrument flight software used to acquire the data.","geo","ASCII_Short_String_Collapsed","0","*","Unbounded","Unbounded","1","10","Units_of_None","none","TBD_classConcept","SHORT_STRING"
"lro:Diviner_Parameters:2             lro:dreb_flight_software_ver_id:1   ","Attribute","dreb_flight_software_ver_id","n/a","lro","The version of Diviner Remote Electronics Box flight software used to acquire the telemetry data for a data product. ","geo","ASCII_Short_String_Collapsed","0","*","Unbounded","Unbounded","1","10","Units_of_None","none","TBD_classConcept","SHORT_STRING"
"lro:Diviner_Parameters:2             lro:lola_dem_vers:1                 ","Attribute","lola_dem_vers","n/a","lro","Gives the version of the LOLA digital elevation model that was used to locate Diviner footprints for the generation of a Diviner GDR product. Example value: 1.0. ","geo","ASCII_Short_String_Collapsed","0","1","Unbounded","Unbounded","1","10","Units_of_None","none","TBD_classConcept","SHORT_STRING"
"lro:Diviner_Parameters:2             lro:dlre_geom_version_id:1          ","Attribute","dlre_geom_version_id","n/a","lro","The version of Diviner geometry and averaging software used to generate a Diviner GDR product. Example value: 1.0. ","geo","ASCII_Short_String_Collapsed","0","1","Unbounded","Unbounded","1","10","Units_of_None","none","TBD_classConcept","SHORT_STRING"
"lro:Diviner_Parameters:2             lro:calibration_software_ver_id:1   ","Attribute","calibration_software_ver_id","n/a","lro","The version of calibration software used to generate a data product.","geo","ASCII_Short_String_Collapsed","0","1","Unbounded","Unbounded","1","10","Units_of_None","none","TBD_classConcept","SHORT_STRING"
"lro:Diviner_Parameters:2             lro:software_version_id:1           ","Attribute","software_version_id","n/a","lro","The software_version_id element indicates the version (development level) of a program or a program library.","geo","ASCII_Short_String_Collapsed","0","1","Unbounded","Unbounded","1","20","Units_of_None","none","TBD_classConcept","SHORT_STRING"
"lro:Diviner_Parameters:2             lro:dlre_date_min:1                 ","Attribute","dlre_date_min","n/a","lro","Gives the minimum recorded date value in a DLRE RDR data product.","geo","ASCII_Short_String_Collapsed","0","1","Unbounded","Unbounded","11","11","Units_of_None","none","TBD_classConcept","SHORT_STRING"
"lro:Diviner_Parameters:2             lro:dlre_date_max:1                 ","Attribute","dlre_date_max","n/a","lro","Gives the maximum recorded date value in a DLRE RDR data product.","geo","ASCII_Short_String_Collapsed","0","1","Unbounded","Unbounded","11","11","Units_of_None","none","TBD_classConcept","SHORT_STRING"
"lro:Diviner_Parameters:2             lro:dlre_utc_min:1                  ","Attribute","dlre_utc_min","n/a","lro","Gives the minimum recorded UTC value in a DLRE RDR data product.","geo","ASCII_Short_String_Collapsed","0","1","Unbounded","Unbounded","12","12","Units_of_None","none","TBD_classConcept","SHORT_STRING"
"lro:Diviner_Parameters:2             lro:dlre_utc_max:1                  ","Attribute","dlre_utc_max","n/a","lro","Gives the maximum recorded UTC value in a DLRE RDR data product.","geo","ASCII_Short_String_Collapsed","0","1","Unbounded","Unbounded","12","12","Units_of_None","none","TBD_classConcept","SHORT_STRING"
"lro:Diviner_Parameters:2             lro:dlre_orientation:1              ","Attribute","dlre_orientation","n/a","lro","An unordered set of all orientations recorded from activity flags in a DLRE RDR data product. ","geo","ASCII_Short_String_Collapsed","0","*","Unbounded","Unbounded","1","30","Units_of_None","none","TBD_classConcept","SHORT_STRING"
"lro:Diviner_Parameters:2             lro:dlre_orientation:2               Value:ELEVATION ACTUATOR H","Value","ELEVATION ACTUATOR HOMED","","","Orientation = ELEVATION ACTUATOR HOMED."
"lro:Diviner_Parameters:2             lro:dlre_orientation:2               Value:NEAR LIMB","Value","NEAR LIMB","","","Orientation = NEAR LIMB."
"lro:Diviner_Parameters:2             lro:dlre_orientation:2               Value:OFF MOON","Value","OFF MOON","","","Orientation = OFF MOON."
"lro:Diviner_Parameters:2             lro:dlre_orientation:2               Value:ON MOON","Value","ON MOON","","","Orientation = ON MOON."
"lro:Diviner_Parameters:2             lro:observation_type:1              ","Attribute","observation_type","n/a","lro","Identifies the general type of an observation.","geo","ASCII_Short_String_Collapsed","0","*","Unbounded","Unbounded","1","30","Units_of_None","none","TBD_classConcept","SHORT_STRING"
"lro:Diviner_Parameters:2             lro:observation_type:2               Value:BLACKBODY CALIBRATIO","Value","BLACKBODY CALIBRATION","","","Observation type = BLACKBODY CALIBRATION."
"lro:Diviner_Parameters:2             lro:observation_type:2               Value:ROTATED NADIR","Value","ROTATED NADIR","","","Observation type = ROTATED NADIR."
"lro:Diviner_Parameters:2             lro:observation_type:2               Value:SOLAR CALIBRATION","Value","SOLAR CALIBRATION","","","Observation type = SOLAR CALIBRATION."
"lro:Diviner_Parameters:2             lro:observation_type:2               Value:SPACE CALIBRATION","Value","SPACE CALIBRATION","","","Observation type = SPACE CALIBRATION."
"lro:Diviner_Parameters:2             lro:observation_type:2               Value:STANDARD NADIR","Value","STANDARD NADIR","","","Observation type = STANDARD NADIR."
"lro:Diviner_Parameters:2             lro:observation_type:2               Value:STOWED","Value","STOWED","","","Observation type = STOWED."
"lro:Diviner_Parameters:2             lro:dlre_instrument_mode_id:1       ","Attribute","dlre_instrument_mode_id","n/a","lro","Diviner instrument operating mode.","geo","ASCII_Short_String_Collapsed","0","*","Unbounded","Unbounded","1","20","Units_of_None","none","TBD_classConcept","SHORT_STRING"
"lro:Diviner_Parameters:2             lro:dlre_instrument_mode_id:2        Value:FREEZING","Value","FREEZING","","","Instrument mode = FREEZING."
"lro:Diviner_Parameters:2             lro:dlre_instrument_mode_id:2        Value:FROZEN","Value","FROZEN","","","Instrument mode = FROZEN."
"lro:Diviner_Parameters:2             lro:dlre_instrument_mode_id:2        Value:LARGE ROLL","Value","LARGE ROLL","","","Instrument mode = LARGE ROLL."
"lro:Diviner_Parameters:2             lro:dlre_instrument_mode_id:2        Value:MOVING","Value","MOVING","","","Instrument mode = MOVING."
"lro:Diviner_Parameters:2             lro:dlre_instrument_mode_id:2        Value:NOMINAL","Value","NOMINAL","","","Instrument mode = NOMINAL."
"lro:Diviner_Parameters:2             lro:dlre_instrument_mode_id:2        Value:SAFED","Value","SAFED","","","Instrument mode = SAFED."
"lro:Diviner_Parameters:2             lro:dlre_instrument_mode_id:2        Value:SAFING","Value","SAFING","","","Instrument mode = SAFING."
"lro:Diviner_Parameters:2             lro:dlre_instrument_mode_id:2        Value:SMALL ROLL","Value","SMALL ROLL","","","Instrument mode = SMALL ROLL."
"lro:MiniRF_Parameters:1             ","Class","MiniRF_Parameters","1.0.0.0","lro","The MiniRF_Parameters class is the container for MiniRF-specific observation parameters.","geo","","","","","","","","","","",""
"lro:MiniRF_Parameters:2              lro:look_azimuth_angle:1            ","Attribute","look_azimuth_angle","n/a","lro","The East-West look azimuth discrimination angle. This is the angle between the projection of North into the tangent plane of a sphere at the image center point and the vector from subspacecraft point to the image center projected into the plane. It assumes values from 0 to 360, where 0 means North-looking, 90 East-looking, 180 South-looking, and 270 West-looking. ","geo","ASCII_Real","0","1","0","359","Unbounded","Unbounded","Units_of_Angle","none","TBD_classConcept","REAL"
"lro:MiniRF_Parameters:2              lro:sub_spacecraft_ground_azimuth:1 ","Attribute","sub_spacecraft_ground_azimuth","n/a","lro","Provides the value of the angle, measured on the target body surface, between the direction from a ground point to the north pole and the direction from the ground point to the sub-spacecraft point. If the location of the ground point at which the azimuth is measured is not otherwise specified, it is assumed to correspond to the center of the image. The values of this angle increase in a clockwise direction. When a pair of values is given, e.g. (350.0, 10.0), they represent the ordered end-members of a range of ground azimuth values that extends clockwise from the first to the second, modulo 360 degrees. ","geo","ASCII_Real","0","1","0","360","Unbounded","Unbounded","Units_of_Angle","none","TBD_classConcept","REAL"
"lro:MiniRF_Parameters:2              lro:azimuth_resolution:1            ","Attribute","azimuth_resolution","n/a","lro","The true resolution of the radar image in the azimuth (along track) direction, evaluated at the center of the image for the transmit, receive, and processing parameters used for the sequence.","geo","ASCII_Real","0","1","0","450","Unbounded","Unbounded","Units_of_Length","none","TBD_classConcept","REAL"
"lro:MiniRF_Parameters:2              lro:range_resolution:1              ","Attribute","range_resolution","n/a","lro","The true resolution of the radar image in the range (across track) direction, evaluated at the center of the image for the transmit, receive, and processing parameters used for the sequence. ","geo","ASCII_Real","0","1","-1.7976931348623157e308","450","Unbounded","Unbounded","Units_of_Length","none","TBD_classConcept","REAL"
"lro:LOLA_Parameters:1               ","Class","LOLA_Parameters","1.0.0.0","lro","The LOLA_Parameters class is the container for LOLA-specific observation parameters.","geo","","","","","","","","","","",""
"lro:LOLA_Parameters:2                lro:lola_instrument_mode_id:1       ","Attribute","lola_instrument_mode_id","n/a","lro","LOLA instrument operating mode.","geo","ASCII_Short_String_Collapsed","0","*","Unbounded","Unbounded","1","20","Units_of_None","none","TBD_classConcept","SHORT_STRING"
"lro:LOLA_Parameters:2                lro:lola_instrument_mode_id:2        Value:DISABLED","Value","DISABLED","","","Instrument mode = DISABLED."
"lro:LOLA_Parameters:2                lro:lola_instrument_mode_id:2        Value:ENABLED","Value","ENABLED","","","Instrument mode = ENABLED."
"lro:LOLA_Parameters:2                lro:lola_instrument_mode_id:2        Value:FIRING","Value","FIRING","","","Instrument mode = FIRING."
"lro:LOLA_Parameters:2                lro:lola_instrument_mode_id:2        Value:GAINS_DIS","Value","GAINS_DIS","","","Instrument mode = GAINS_DIS."
"lro:LOLA_Parameters:2                lro:lola_instrument_mode_id:2        Value:GAINS_FSW","Value","GAINS_FSW","","","Instrument mode = GAINS_FSW."
"lro:LOLA_Parameters:2                lro:lola_instrument_mode_id:2        Value:LASER_1","Value","LASER_1","","","Instrument mode = LASER_1."
"lro:LOLA_Parameters:2                lro:lola_instrument_mode_id:2        Value:LASER_2","Value","LASER_2","","","Instrument mode = LASER_2."
"lro:LOLA_Parameters:2                lro:lola_instrument_mode_id:2        Value:NOFIRE","Value","NOFIRE","","","Instrument mode = NOFIRE."
"lro:LOLA_Parameters:2                lro:lola_instrument_mode_id:2        Value:RGATES_DIS","Value","RGATES_DIS","","","Instrument mode = RGATES_DIS."
"lro:LOLA_Parameters:2                lro:lola_instrument_mode_id:2        Value:RGATES_FSW","Value","RGATES_FSW","","","Instrument mode = RGATES_FSW."
"lro:LOLA_Parameters:2                lro:lola_instrument_mode_id:2        Value:SC_B","Value","SC_B","","","Instrument mode = SC_B"
"lro:LOLA_Parameters:2                lro:lola_instrument_mode_id:2        Value:SWINPUTS_DIS","Value","SWINPUTS_DIS","","","Instrument mode = SWINPUTS_DIS."
"lro:LOLA_Parameters:2                lro:lola_instrument_mode_id:2        Value:SWINPUTS_FSW","Value","SWINPUTS_FSW","","","Instrument mode = SWINPUTS_FSW."
"lro:LOLA_Parameters:2                lro:lola_instrument_mode_id:2        Value:THRESHOLDS_DIS","Value","THRESHOLDS_DIS","","","Instrument mode = THRESHOLDS_DIS."
"lro:LOLA_Parameters:2                lro:lola_instrument_mode_id:2        Value:THRESHOLDS_FSW","Value","THRESHOLDS_FSW","","","Instrument mode = THRESHOLDS_FSW."
"lro:LOLA_Parameters:2                lro:stcf_file_name:1                ","Attribute","stcf_file_name","n/a","lro","Provides the name of the LRO Spacecraft Time Correlation file, which is a housekeeping file containing the offset between the spacecraft raw clock and terrestrial time. The time correlation file is used to compute the start and stop spacecraft clock times for LOLA data products. ","geo","ASCII_Short_String_Collapsed","0","1","Unbounded","Unbounded","1","40","Units_of_None","none","TBD_classConcept","SHORT_STRING"
"lro:Geodetic_Model:1                ","Class","Geodetic_Model","1.0.0.0","lro","The Geodetic_Model class provides parameters describing the shape of the planet.","geo","","","","","","","","","","",""
"lro:Geodetic_Model:2                 lro:latitude_type:1                 ","Attribute","latitude_type","n/a","lro","The latitude_type attribute defines the type of latitude (planetographic, planetocentric) used within a cartographic product and as reflected in attribute values within associated PDS labels. For planets and satellites, latitude is measured north and south of the equator; north latitudes are designated as positive. The planetocentric latitude is the angle between the equatorial plane and a line from the center of the body. The planetographic latitude is the angle between the equatorial plane and a line that is normal to the body. In summary, both latitudes are equivalent on a sphere (i.e., equatorial radius equal to polar radius); however, they differ on an ellipsoid (e.g., Mars, Earth). For more on latitude_type, please see the IAU publication available here: http://astrogeology.usgs.gov/groups/IAU-WGCCRE","geo","ASCII_Short_String_Collapsed","1","1","Unbounded","Unbounded","1","255","Units_of_None","none","TBD_classConcept","SHORT_STRING"
"lro:Geodetic_Model:2                 lro:latitude_type:2                  Value:Planetocentric","Value","Planetocentric","","","The planetocentric latitude is the angle between the equatorial plane and a line from the center of the body. "
"lro:Geodetic_Model:2                 lro:latitude_type:2                  Value:Planetographic","Value","Planetographic","","","The planetographic latitude is the angle between the equatorial plane and a line that is normal to the body. "
"lro:Geodetic_Model:2                 lro:a_axis_radius:1                 ","Attribute","a_axis_radius","n/a","lro","The a_axis_radius attribute provides the radius of the equatorial axis of the ellipsoid. The IAU calls this ""Subplanetary equatorial radius"" and mapping applications generally call this ""semi_major_axis"". ","geo","ASCII_Real","1","1","0.0","1.7976931348623157e308","Unbounded","Unbounded","Units_of_Length","none","TBD_classConcept","REAL"
"lro:Geodetic_Model:2                 lro:b_axis_radius:1                 ","Attribute","b_axis_radius","n/a","lro","The b_axis_radius attribute provides the value of the intermediate axis of the ellipsoid that defines the approximate shape of a target body. The b_axis_radius is usually in the equatorial plane. The IAU calls this axis ""along orbit equatorial radius"". Mapping applications, which generally only define a sphere or an ellipse, do not support this radius parameter.","geo","ASCII_Real","1","1","0.0","1.7976931348623157e308","Unbounded","Unbounded","Units_of_Length","none","TBD_classConcept","REAL"
"lro:Geodetic_Model:2                 lro:c_axis_radius:1                 ","Attribute","c_axis_radius","n/a","lro","The c_axis_radius attribute provides the value of the polar axis of the ellipsoid that defines the approximate shape of a target body. The c_axis_radius is normal to the plane defined by the a_axis_radius and b_axis_radius. The IAU calls this ""polar radius"". Mapping applications generally call this ""semi_minor_axis"" ","geo","ASCII_Real","1","1","0.0","1.7976931348623157e308","Unbounded","Unbounded","Units_of_Length","none","TBD_classConcept","REAL"
"lro:Geodetic_Model:2                 lro:longitude_direction:1           ","Attribute","longitude_direction","n/a","lro","The longitude_direction attribute identifies the direction of longitude (e.g. POSITIVE_EAST or POSITIVE_WEST) for a planet. The IAU definition for direction of positive longitude should be adopted: http://astrogeology.usgs.gov/groups/IAU-WGCCRE. Typically, for planets with prograde (direct) rotations, positive longitude direction is to the west. For planets with retrograde rotations, positive longitude direction is to the east. Generally the Positive West longitude_direction is used for planetographic systems and Positive East is used for planetocentric systems. If the data is defined with Spatial_Domain in a manner not recommended by the IAU, there is a optional Secondary_Spatial_Domain section to define a second set of bounding coordinates.","geo","ASCII_Short_String_Collapsed","0","1","Unbounded","Unbounded","13","13","Units_of_None","none","TBD_classConcept","SHORT_STRING"
"lro:Geodetic_Model:2                 lro:longitude_direction:2            Value:Positive East","Value","Positive East","","","Positive East longitudes (i.e., longitudes measured positively to the east) will be used when the bodies rotation is retrograde. Because of tradition, the Earth, Sun, and Moon do not conform with this definition. Their rotations are direct and longitudes run both east and west 180 degree, or east 360 degree."
"lro:Geodetic_Model:2                 lro:longitude_direction:2            Value:Positive West","Value","Positive West","","","Positive West longitudes (i.e., longitudes measured positively to the west) will be used when the rotation is prograde (direct). "
"lro:Geodetic_Model:2                 lro:coordinate_system_type:1        ","Attribute","coordinate_system_type","n/a","lro","There are three basic types of coordinate systems: body-fixed rotating, body-fixed non-rotating, and inertial. A body-fixed coordinate system is one associated with the body (e.g., a planet or satellite). The body-fixed system is centered on the body and rotates with the body (unless it is a non-rotating type), whereas an inertial coordinate system is fixed at some point in space. Currently, the PDS has specifically defined two types of body-fixed rotating coordinate systems: planetocentric and planetographic. However, the set of related data elements are modeled such that definitions for other body-fixed rotating coordinate systems, body-fixed non-rotating and inertial coordinate systems can be added as the need arises. Contact a PDS data engineer for assistance in defining a specific coordinate system. ","geo","ASCII_Short_String_Collapsed","0","1","Unbounded","Unbounded","8","25","Units_of_None","none","TBD_classConcept","SHORT_STRING"
"lro:Geodetic_Model:2                 lro:coordinate_system_type:2         Value:Body-fixed Non-rotat","Value","Body-fixed Non-rotating","","","The body-fixed system is centered on the body and it is non-rotating"
"lro:Geodetic_Model:2                 lro:coordinate_system_type:2         Value:Body-fixed Rotating","Value","Body-fixed Rotating","","","The PDS has specifically defined two types of body-fixed rotating coordinate systems: planetocentric and planetographic."
"lro:Geodetic_Model:2                 lro:coordinate_system_type:2         Value:Inertial","Value","Inertial","","","an inertial coordinate system is fixed at some point in space."
"lro:Geodetic_Model:2                 lro:coordinate_system_name:1        ","Attribute","coordinate_system_name","n/a","lro","The given name of the used coordinate system. e.g. ""MEAN EARTH/POLAR AXIS OF DE421""","geo","ASCII_Text_Preserved","0","1","Unbounded","Unbounded","1","Unbounded","Units_of_None","none","TBD_classConcept","TEXT"
"lro:LRO_Parameters:1                ","Class","LRO_Parameters","1.0.0.0","lro","The LRO_Parameters class is the container for mission-specific metadata elements.","geo","","","","","","","","","","",""
"lro:LRO_Parameters:2                 lro:product_type:1                  ","Attribute","product_type","n/a","lro","The product_type attribute indicates the processing level of an individual data product.","geo","ASCII_Short_String_Collapsed","0","1","Unbounded","Unbounded","1","255","Units_of_None","none","TBD_classConcept","SHORT_STRING"
"lro:LRO_Parameters:2                 lro:product_type:2                   Value:CDR","Value","CDR","","","Calibrated Data Record"
"lro:LRO_Parameters:2                 lro:product_type:2                   Value:DDR","Value","DDR","","","Derived Data Record"
"lro:LRO_Parameters:2                 lro:product_type:2                   Value:EDR","Value","EDR","","","Experiment Data Record"
"lro:LRO_Parameters:2                 lro:product_type:2                   Value:GCP","Value","GCP","","","Diviner Global Cumulative Product"
"lro:LRO_Parameters:2                 lro:product_type:2                   Value:GDR","Value","GDR","","","Gridded Data Record"
"lro:LRO_Parameters:2                 lro:product_type:2                   Value:LEND_EDR_HK","Value","LEND_EDR_HK","","","LEND Experiment Data Record housekeeping data."
"lro:LRO_Parameters:2                 lro:product_type:2                   Value:LEND_EDR_SCI","Value","LEND_EDR_SCI","","","LEND Experiment Data Record science data."
"lro:LRO_Parameters:2                 lro:product_type:2                   Value:LEND_RDR_ALD","Value","LEND_RDR_ALD","","","LEND Reduced Data Record averaged counts data."
"lro:LRO_Parameters:2                 lro:product_type:2                   Value:LEND_RDR_CHK","Value","LEND_RDR_CHK","","","LEND Reduced Data Record converted housekeeping data."
"lro:LRO_Parameters:2                 lro:product_type:2                   Value:LEND_RDR_DLD","Value","LEND_RDR_DLD","","","LEND Reduced Data Record derived data."
"lro:LRO_Parameters:2                 lro:product_type:2                   Value:LEND_RDR_DLX","Value","LEND_RDR_DLX","","","LEND Reduced Data Record extended derived data."
"lro:LRO_Parameters:2                 lro:product_type:2                   Value:LEND_RDR_RSCI","Value","LEND_RDR_RSCI","","","LEND Reduced Data Record rectified science data."
"lro:LRO_Parameters:2                 lro:product_type:2                   Value:LOLA_DAC","Value","LOLA_DAC","","","LOLA Gridded Data Record - albedo counts."
"lro:LRO_Parameters:2                 lro:product_type:2                   Value:LOLA_DAM","Value","LOLA_DAM","","","LOLA Gridded Data Record - albedo map."
"lro:LRO_Parameters:2                 lro:product_type:2                   Value:LOLA_DEC","Value","LOLA_DEC","","","LOLA Gridded Data Record - topography counts."
"lro:LRO_Parameters:2                 lro:product_type:2                   Value:LOLA_DEM","Value","LOLA_DEM","","","LOLA Gridded Data Record - digital elevation model."
"lro:LRO_Parameters:2                 lro:product_type:2                   Value:LOLA_DRC","Value","LOLA_DRC","","","LOLA Gridded Data Record - surface roughness counts."
"lro:LRO_Parameters:2                 lro:product_type:2                   Value:LOLA_DRM","Value","LOLA_DRM","","","LOLA Gridded Data Record - surface roughness."
"lro:LRO_Parameters:2                 lro:product_type:2                   Value:LOLA_DSM","Value","LOLA_DSM","","","LOLA Gridded Data Record - surface slope."
"lro:LRO_Parameters:2                 lro:product_type:2                   Value:PCP","Value","PCP","","","Diviner Polar Cumulative Product"
"lro:LRO_Parameters:2                 lro:product_type:2                   Value:PRP","Value","PRP","","","Diviner Polar Resource Product"
"lro:LRO_Parameters:2                 lro:product_type:2                   Value:RADR","Value","RADR","","","LOLA Radiometric Active Data Record"
"lro:LRO_Parameters:2                 lro:product_type:2                   Value:RCP","Value","RCP","","","Diviner Regional Cumulative Product"
"lro:LRO_Parameters:2                 lro:product_type:2                   Value:RDR","Value","RDR","","","Reduced Data Record"
"lro:LRO_Parameters:2                 lro:product_type:2                   Value:SHA","Value","SHA","","","LOLA spherical harmonics data."
"lro:LRO_Parameters:2                 lro:product_version_id:1            ","Attribute","product_version_id","n/a","lro","The product_version_id attribute identifies the version of an individual data product. ","geo","ASCII_Short_String_Collapsed","0","1","Unbounded","Unbounded","1","255","Units_of_None","none","TBD_classConcept","SHORT_STRING"
"lro:LRO_Parameters:2                 lro:orbit_number:1                  ","Attribute","orbit_number","n/a","lro","The orbit_number attribute identifies the number of the orbital revolution around a target body. ","geo","ASCII_NonNegative_Integer","0","1","0","18446744073709551615","Unbounded","Unbounded","Units_of_None","none","TBD_classConcept","INTEGER"
"lro:LRO_Parameters:2                 lro:start_orbit_number:1            ","Attribute","start_orbit_number","n/a","lro","Provides the the lowest revolution orbit number that contributed data to a given data product. ","geo","ASCII_Real","0","1","-1.7976931348623157e308","1.7976931348623157e308","Unbounded","Unbounded","Units_of_None","none","TBD_classConcept","REAL"
"lro:LRO_Parameters:2                 lro:stop_orbit_number:1             ","Attribute","stop_orbit_number","n/a","lro","Provides the the highest revolution orbit number that contributed data to a given data product. ","geo","ASCII_Real","0","1","-1.7976931348623157e308","1.7976931348623157e308","Unbounded","Unbounded","Units_of_None","none","TBD_classConcept","REAL"
"lro:LRO_Parameters:2                 lro:start_solar_longitude:1         ","Attribute","start_solar_longitude","n/a","lro","Marks the beginning of a time range measured in solar longitude. Solar longitude is the value of the angle between the body_Sun line at the time of interest and the body_Sun line at the vernal equinox, thus providing a measure of the season on the target body. ","geo","ASCII_Real","0","1","-180","360","Unbounded","Unbounded","Units_of_Angle","none","TBD_classConcept","REAL"
"lro:LRO_Parameters:2                 lro:stop_solar_longitude:1          ","Attribute","stop_solar_longitude","n/a","lro","Marks the end of a time range measured in solar longitude. Solar longitude is the value of the angle between the body_Sun line at the time of interest and the body_Sun line at the vernal equinox, thus providing a measure of the season on the target body. ","geo","ASCII_Real","0","1","-180","360","Unbounded","Unbounded","Units_of_Angle","none","TBD_classConcept","REAL"
"lro:LRO_Parameters:2                 lro:mission_phase_name:1            ","Attribute","mission_phase_name","n/a","lro"," The mission_phase_name attribute provides the mission-defined name of a time period within the mission. ","geo","ASCII_Short_String_Collapsed","0","*","Unbounded","Unbounded","1","255","Units_of_None","none","TBD_classConcept","SHORT_STRING"
"lro:LRO_Parameters:2                 lro:mission_phase_name:2             Value:COMMISSIONING","Value","COMMISSIONING","","","2009-06-23 to 2009-09-14"
"lro:LRO_Parameters:2                 lro:mission_phase_name:2             Value:CRUISE","Value","CRUISE","","","2009-06-18 to 2009-06-23"
"lro:LRO_Parameters:2                 lro:mission_phase_name:2             Value:EXTENDED SCIENCE MIS","Value","EXTENDED SCIENCE MISSION","","","2012-09-15 to 2014-09-14"
"lro:LRO_Parameters:2                 lro:mission_phase_name:2             Value:FOURTH EXTENDED SCIE","Value","FOURTH EXTENDED SCIENCE MISSION","","","2019-09-15 to 2022-09-15"
"lro:LRO_Parameters:2                 lro:mission_phase_name:2             Value:LAUNCH","Value","LAUNCH","","","2009-06-18"
"lro:LRO_Parameters:2                 lro:mission_phase_name:2             Value:LUNAR ORBIT ACQUISIT","Value","LUNAR ORBIT ACQUISITION","","","2009-06-23"
"lro:LRO_Parameters:2                 lro:mission_phase_name:2             Value:NOMINAL MISSION","Value","NOMINAL MISSION","","","2009-09-15 to 2010-09-15"
"lro:LRO_Parameters:2                 lro:mission_phase_name:2             Value:SCIENCE MISSION","Value","SCIENCE MISSION","","","2010-09-16 to 2012-09-14"
"lro:LRO_Parameters:2                 lro:mission_phase_name:2             Value:SECOND EXTENDED SCIE","Value","SECOND EXTENDED SCIENCE MISSION","","","2014-09-15 to 2016-09-14"
"lro:LRO_Parameters:2                 lro:mission_phase_name:2             Value:THIRD EXTENDED SCIEN","Value","THIRD EXTENDED SCIENCE MISSION","","","2016-09-15 to 2019-09-14"
"lro:LRO_Parameters:2                 lro:spacecraft_clock_count_partition:1","Attribute","spacecraft_clock_count_partition","n/a","lro","The spacecraft_clock_count_partition attribute indicates the clock partition active for the spacecraft_clock_start_count and spacecraft_clock_stop_count attributes. ","geo","ASCII_NonNegative_Integer","0","1","0","18446744073709551615","Unbounded","Unbounded","Units_of_None","none","TBD_classConcept","INTEGER"
"lro:LRO_Parameters:2                 lro:spacecraft_clock_start_count:1  ","Attribute","spacecraft_clock_start_count","n/a","lro","The spacecraft_clock_start_count attribute provides the value of the spacecraft clock at the beginning of a time period of interest. ","geo","ASCII_Short_String_Collapsed","0","1","Unbounded","Unbounded","1","255","Units_of_None","none","TBD_classConcept","SHORT_STRING"
"lro:LRO_Parameters:2                 lro:spacecraft_clock_stop_count:1   ","Attribute","spacecraft_clock_stop_count","n/a","lro","The spacecraft_clock_stop_count attribute provides the value of the spacecraft clock at the beginning of a time period of interest. ","geo","ASCII_Short_String_Collapsed","0","1","Unbounded","Unbounded","1","255","Units_of_None","none","TBD_classConcept","SHORT_STRING"
"lro:LRO_Parameters:2                 lro:producer_institution_name:1     ","Attribute","producer_institution_name","n/a","lro","The producer_institution_name attribute identifies a university, research center, NASA center, or other institution associated with the production of a data product. ","geo","ASCII_Short_String_Collapsed","0","1","Unbounded","Unbounded","1","255","Units_of_None","none","TBD_classConcept","SHORT_STRING"
